{
  "method": "bayes",
  "start_time": "2025-03-10T00:44:48.905012",
  "parameters": {
    "optimization": "bayes",
    "feature_selection": true,
    "cv_folds": 5,
    "bayes_iterations": 50,
    "min_features": 5
  },
  "iterations": [
    {
      "iteration": 0,
      "elapsed_seconds": 3.502911329269409,
      "parameters": {
        "colsample_bytree": 0.7230311876559942,
        "gamma": 0.026276132221638653,
        "learning_rate": 0.16356457461011642,
        "max_depth": 5,
        "min_child_weight": 4,
        "n_estimators": 154,
        "reg_alpha": 0.0005684034097210145,
        "reg_lambda": 0.04983347481602247,
        "subsample": 0.6913389933109518
      },
      "score": -560099.4170428276
    }
  ],
  "end_time": "2025-03-10T00:44:52.825567",
  "total_seconds": 3.9205541610717773,
  "best_parameters": {
    "colsample_bytree": 0.7230311876559942,
    "gamma": 0.026276132221638653,
    "learning_rate": 0.16356457461011642,
    "max_depth": 5,
    "min_child_weight": 4,
    "n_estimators": 154,
    "reg_alpha": 0.0005684034097210145,
    "reg_lambda": 0.04983347481602247,
    "subsample": 0.6913389933109518
  },
  "best_score": 560099.4170428276
}