{
  "total_features": 113,
  "selected_features_count": 100,
  "selected_features": [
    "prop_y",
    "prop_x",
    "prop_carpark",
    "prop_bed",
    "prop_bath",
    "locality_id",
    "street_id",
    "sector_code",
    "big_sector_code",
    "locality_post",
    "region",
    "land_value",
    "land_size",
    "land_size_type",
    "prop_zoning",
    "sector_median",
    "sold_contract_date",
    "full_address_y",
    "corner_property",
    "cul_de_sac",
    "near_park",
    "quietness",
    "natural_light",
    "has_wharf",
    "view_type",
    "view_quality",
    "location_summary",
    "luxury_level_desc_score",
    "renovation_expansion",
    "high_ceiling",
    "building_age",
    "construction_year_guess",
    "famous_owner",
    "famous_designer",
    "famous_builder",
    "current_tenure_aux",
    "da_cdc_approval",
    "stca_development_potential",
    "development_opportunity",
    "key_advantages",
    "internal_area",
    "other_area",
    "balcony_verandah_area",
    "mainbuilding_bedrooms_area",
    "biggest_entertainment_area",
    "biggest_entertainment_name",
    "gym_area",
    "gym_name",
    "bath_plus_area",
    "robe_plus_area",
    "living_space_area",
    "function_room_area",
    "storage_area",
    "kitchen_area",
    "internal_workshop_area",
    "balcony_area",
    "covered_dining_area",
    "verandah_area",
    "garage_area",
    "basement_area",
    "bedroom_cnt",
    "each_bedroom_area",
    "ensuite_cnt",
    "bath_cnt",
    "wir_cnt",
    "robe_cnt",
    "living_space_cnt",
    "pantry_cnt",
    "study_home_office_cnt",
    "kitchen_cnt",
    "gym_cnt",
    "entertaining_space_cnt",
    "granny_flat_bedroom_cnt",
    "cabana_cnt",
    "levels_cnt",
    "ground_level_bedroom_cnt",
    "lower_ground_bedroom_cnt",
    "narrow_bedroom_cnt",
    "lift_cnt",
    "outdoor_spa_cnt",
    "indoor_swimming_pool_cnt",
    "outdoor_swimming_pool_cnt",
    "tennis_court_cnt",
    "connected_garage_cnt",
    "separate_garage_cnt",
    "biggest_bedroom_area",
    "biggest_living_space_area",
    "no_public_space_floor_cnt",
    "no_public_space_floor_names",
    "bedroom_without_bathroom_cnt",
    "bedroom_without_bathroom_names",
    "main_building_bedroom_avg_area",
    "outdoor_dining_area",
    "weather_board",
    "luxury_level_images",
    "luxury_level_images_score",
    "luxury_level",
    "luxury_level_score",
    "updated_date",
    "unreliable_features"
  ],
  "feature_ranking": [
    1,
    1,
    12,
    1,
    1,
    1,
    1,
    1,
    4,
    1,
    1,
    1,
    1,
    1,
    1,
    1,
    1,
    1,
    1,
    1,
    5,
    1,
    1,
    1,
    1,
    1,
    1,
    1,
    1,
    1,
    1,
    1,
    6,
    1,
    1,
    1,
    1,
    1,
    1,
    1,
    1,
    1,
    1,
    1,
    1,
    1,
    1,
    1,
    1,
    1,
    1,
    1,
    1,
    1,
    1,
    1,
    1,
    1,
    1,
    1,
    1,
    1,
    1,
    1,
    1,
    1,
    1,
    1,
    1,
    1,
    1,
    1,
    1,
    1,
    1,
    1,
    1,
    8,
    1,
    9,
    1,
    1,
    1,
    10,
    2,
    1,
    1,
    7,
    1,
    1,
    1,
    1,
    1,
    1,
    1,
    1,
    1,
    1,
    1,
    1,
    1,
    1,
    1,
    1,
    1,
    11,
    1,
    1,
    13,
    3,
    14,
    1,
    1
  ],
  "cv_scores": [
    -561114.4530851091,
    -559043.0255614667,
    -561110.3368980921,
    -565147.2295798835,
    -561450.1621542039,
    -559583.4186618285,
    -563194.7998809514,
    -555679.2576938752,
    -553062.0388307928,
    -557763.5566366981,
    -548431.1219358355,
    -544094.0733262936,
    -553156.7601177053,
    -556749.3077983526,
    -553283.7697630823,
    -547596.7404338545,
    -552344.1509469702,
    -550320.7700871384,
    -546926.5466465213,
    -543331.8182613173,
    -544943.3784036647,
    -547754.915309867,
    -546434.9190393146,
    -548600.2713672206,
    -546169.3417533269,
    -543637.4087050672,
    -544477.402818154,
    -541503.9501530486,
    -546061.6577964886,
    -550622.3127210499,
    -540099.6669876088,
    -543629.9958089092,
    -538766.2409512146,
    -547436.7037890068,
    -540396.9761111356,
    -546222.3421328197,
    -550135.2511833436,
    -540480.1655454721,
    -539254.5680638645,
    -542147.8798616288,
    -537909.1570359595,
    -552976.2757276841,
    -540180.412351661,
    -547576.887938186,
    -542103.9937086124,
    -538918.5032773996,
    -545300.034813156,
    -534633.7573356974,
    -546594.5997170387,
    -540534.2492302045,
    -540445.5946467998,
    -537344.0425853747,
    -542510.8656066499,
    -545480.7126578534,
    -540759.542909395,
    -548066.0003278167,
    -547685.9650897677,
    -544408.6746543603,
    -548924.0033462198,
    -549044.9837282547,
    -541335.6611772702,
    -548131.4684848023,
    -537962.0669517413,
    -544367.0342606226,
    -540952.7223206371,
    -544695.925570398,
    -551084.5400500642,
    -541485.4483077294,
    -540722.9031088058,
    -541699.5484785215,
    -541385.7123186315,
    -541817.2806038408,
    -541806.4606137438,
    -539931.7473277571,
    -541848.6648078762,
    -537214.2986789428,
    -540383.6841528191,
    -540634.7655023477,
    -543421.6992502363,
    -548026.6508226948,
    -545100.5917431052,
    -541316.1702928444,
    -541106.009360979,
    -541169.2237767235,
    -544337.8774145759,
    -533909.2577636123,
    -542157.8236417788,
    -539481.5785299003,
    -542333.9038187457,
    -543571.8124005783,
    -548420.3241954106,
    -541488.797883697,
    -544629.2963793785,
    -543313.1206770338,
    -540385.0342452214,
    -542546.3789070243,
    -534895.3998859893,
    -544073.2516285306,
    -539214.6960639117
  ]
}