[
  {
    "prop_id": "103390006056",
    "address": "88 WOLSELEY ST, BEXLEY NSW 2207",
    "predicted_price": 1849716.875,
    "actual_price": 1472000.0,
    "error_percent": 25.66011379076087,
    "top_features": [
      {
        "feature": "internal_area",
        "value": 120.59,
        "shap_value": -41990.0703125,
        "is_positive": false
      },
      {
        "feature": "luxury_level_score",
        "value": 60.0,
        "shap_value": -65790.6875,
        "is_positive": false
      },
      {
        "feature": "sector_median",
        "value": 1833360.0,
        "shap_value": 67146.1640625,
        "is_positive": true
      },
      {
        "feature": "sold_contract_date",
        "value": 991.0,
        "shap_value": 167385.5,
        "is_positive": true
      },
      {
        "feature": "land_value",
        "value": 1050000.0,
        "shap_value": -206325.265625,
        "is_positive": false
      }
    ]
  },
  {
    "prop_id": "105390000101",
    "address": "2 ANGOURIE PL, BOW BOWING NSW 2566",
    "predicted_price": 902484.0,
    "actual_price": 1040000.0,
    "error_percent": -13.222692307692308,
    "top_features": [
      {
        "feature": "mainbuilding_bedrooms_area",
        "value": 77.68,
        "shap_value": 65367.875,
        "is_positive": true
      },
      {
        "feature": "updated_date",
        "value": 364.0,
        "shap_value": -132585.28125,
        "is_positive": false
      },
      {
        "feature": "sold_contract_date",
        "value": 272.0,
        "shap_value": -143223.40625,
        "is_positive": false
      },
      {
        "feature": "sector_median",
        "value": 909303.0,
        "shap_value": -256695.828125,
        "is_positive": false
      },
      {
        "feature": "land_value",
        "value": 566000.0,
        "shap_value": -725304.8125,
        "is_positive": false
      }
    ]
  },
  {
    "prop_id": "131720002388",
    "address": "12 RADISICH LOOP, ORAN PARK NSW 2570",
    "predicted_price": 947599.0,
    "actual_price": 1020000.0,
    "error_percent": -7.09813725490196,
    "top_features": [
      {
        "feature": "prop_x",
        "value": 150.7278595,
        "shap_value": 44036.57421875,
        "is_positive": true
      },
      {
        "feature": "luxury_level_score",
        "value": 55.0,
        "shap_value": -57088.02734375,
        "is_positive": false
      },
      {
        "feature": "sold_contract_date",
        "value": 255.0,
        "shap_value": -97480.9375,
        "is_positive": false
      },
      {
        "feature": "sector_median",
        "value": 1071069.0,
        "shap_value": -274207.15625,
        "is_positive": false
      },
      {
        "feature": "land_value",
        "value": 561000.0,
        "shap_value": -660109.6875,
        "is_positive": false
      }
    ]
  },
  {
    "prop_id": "130650000015",
    "address": "22 BAILEY CRES, NORTH EPPING NSW 2121",
    "predicted_price": 1956085.375,
    "actual_price": 2235000.0,
    "error_percent": -12.479401565995525,
    "top_features": [
      {
        "feature": "luxury_level_score",
        "value": 55.0,
        "shap_value": -72806.9296875,
        "is_positive": false
      },
      {
        "feature": "internal_area",
        "value": 109.96,
        "shap_value": -77221.828125,
        "is_positive": false
      },
      {
        "feature": "sector_median",
        "value": 2499565.0,
        "shap_value": 78989.109375,
        "is_positive": true
      },
      {
        "feature": "sold_contract_date",
        "value": 252.0,
        "shap_value": -138325.46875,
        "is_positive": false
      },
      {
        "feature": "land_value",
        "value": 1550000.0,
        "shap_value": 334107.3125,
        "is_positive": true
      }
    ]
  },
  {
    "prop_id": "137380001558",
    "address": "2 HEYWOOD GLEN, STANHOPE GARDENS NSW 2768",
    "predicted_price": 1658959.0,
    "actual_price": 1605000.0,
    "error_percent": 3.3619314641744547,
    "top_features": [
      {
        "feature": "luxury_level_score",
        "value": 64.29,
        "shap_value": 36244.51953125,
        "is_positive": true
      },
      {
        "feature": "prop_x",
        "value": 150.93473816,
        "shap_value": -51374.95703125,
        "is_positive": false
      },
      {
        "feature": "sector_median",
        "value": 1522634.0,
        "shap_value": -67442.484375,
        "is_positive": false
      },
      {
        "feature": "building_age",
        "value": 3.0,
        "shap_value": 69595.8515625,
        "is_positive": true
      },
      {
        "feature": "land_value",
        "value": 870000.0,
        "shap_value": -376629.65625,
        "is_positive": false
      }
    ]
  }
]