{
  "version": 2,
  "builds": [
    {
      "src": "frontend/package.json",
      "use": "@vercel/next",
      "config": {
        "distDir": ".next",
        "buildCommand": "npm run build",
        "devCommand": "npm run start:dev"
      }
    },
    {
      "src": "backend/main.py",
      "use": "@vercel/python",
      "config": {
        "runtime": "python3.11"
      }
    }
  ],
  "routes": [
    {
      "src": "/api/(.*)",
      "dest": "backend/main.py"
    },
    {
      "src": "/(.*)",
      "dest": "frontend/$1"
    }
  ]
} 